"name","title"
"_khmer_issarak_|_khmer_issarak_","ORG"
"_pla_|_people_s_liberation_army_","ORG"
"_dse_|_democratic_army_of_greece_","ORG"
"_indonesian_people_s_army_|_indonesian_people_s_army_","ORG"
"_izl_etzel_|_national_military_organisation_","ORG"
"_lao_issara_|_lao_issara_","ORG"
"_huk_|_people_s_liberation_army_","ORG"
"_cpp_|_communist_party_of_the_philippines_","ORG"
"_forest_brothers_|_forest_brothers_","ORG"
"_lnpa_|_latvian_national_guerilla_association_","ORG"
"_ltsa_|_association_of_the_latvian_fatherland_guards_","ORG"
"_bdps_|_united_democratic_resistance_movement_","ORG"
"_upa_|_ukraine_partisan_army_","ORG"
"_viet_minh_|_vietnamese_independence_league_","ORG"
"_taiwanese_insurgents_|_taiwanese_insurgents_","ORG"
"_cpi_|_communist_party_of_india_","ORG"
"_mdrm_|_democratic_movement_for_malagsy_renewal_","ORG"
"_knu_|_karen_national_union_","ORG"
"_cpb_|_communist_party_of_burma_","ORG"
"_cpb_rf_|_communist_party_of_burma_red_flag_","ORG"
"_pvo_white_band_faction_|_people_s_volunteer_organization_white_band_faction_","ORG"
"_absdf_|_all_burma_students_democratic_front_","ORG"
"_rso_|_rohingya_solidarity_organisation_","ORG"
"_mfl_muf_|_mon_freedom_league_mon_united_front_","ORG"
"_mpf_|_mon_people_s_solidarity_group_","ORG"
"_nmsp_|_new_mon_state_party_","ORG"
"_bma_|_beik_mon_army_","ORG"
"_cpi_ml_|_communist_party_of_india_marxist_leninist_","ORG"
"_pwg_|_people_s_war_group_","ORG"
"_mcc_|_maoist_communist_centre_","ORG"
"_cpi_maoist_|_communist_party_of_india_maoist_","ORG"
"_cpm_|_communist_party_of_malaya_","ORG"
"_ndf_|_national_democratic_front_","ORG"
"_pndf_|_pawngywng_national_defense_force_","ORG"
"_kio_|_kachin_independence_organization_","ORG"
"_palestinian_insurgents_|_palestinian_insurgents_","ORG"
"_plo_|_palestine_liberation_organization_","ORG"
"_pflp_|_popular_front_for_the_liberation_of_palestine_","ORG"
"_pflp_gc_|_popular_front_for_the_liberation_of_palestine_general_command_","ORG"
"_fatah_|_palestinian_national_liberation_movement_","ORG"
"_pij_|_palestinian_islamic_jihad_","ORG"
"_hamas_|_islamic_resistance_movement_","ORG"
"_pna_|_palestinian_national_authority_","ORG"
"_amb_|_al_aqsa_martyrs_brigades_","ORG"
"_prc_|_popular_resistance_committees_","ORG"
"_cpt_|_communist_party_of_thailand_","ORG"
"_darul_islam_|_islamic_state_","ORG"
"_permesta_movement_|_permesta_movement_","ORG"
"_eoka_|_national_union_of_cypriot_fighters_","ORG"
"_fnl_|_national_liberation_front_","ORG"
"_nnc_|_naga_nationalist_council_","ORG"
"_nscn_im_|_national_socialist_council_of_nagaland_","ORG"
"_nscn_k_|_national_socialist_council_of_nagaland_khaplang_faction_","ORG"
"_knpp_|_karenni_national_progressive_party_","ORG"
"_state_of_oman_free_oman_|_state_of_oman_free_oman_","ORG"
"_ncrc_|_national_council_of_the_revolutionary_command_","ORG"
"_sciri_|_supreme_council_for_the_islamic_revolution_in_iraq_","ORG"
"_the_monotheism_and_jihad_group_","ORG"
"_rjf_|_islamic_army_of_iraq_","ORG"
"_independent_nasserite_movement_|_independent_nasserite_movement_","ORG"
"_nsf_|_lebanese_national_movement_","ORG"
"_laa_|_lebanese_arab_army_","ORG"
"_amal_|_lebanese_resistance_detachment_","ORG"
"_nuf_|_national_union_front_","ORG"
"_lebanese_forces_hobeika_faction_|_lebanese_forces_hobeika_faction_","ORG"
"_forces_of_michel_aoun_|_forces_of_michel_aoun_","ORG"
"_lebanese_forces_|_lebanese_forces_","ORG"
"_pathet_lao_|_pathet_lao_","ORG"
"_lrm_|_lao_resistance_movement_","ORG"
"_nsh_|_brave_young_warriors_","ORG"
"_ssia_|_shan_state_independence_army_","ORG"
"_snuf_|_shan_national_united_front_","ORG"
"_ssa_|_shan_state_army_","ORG"
"_ssnlo_|_shan_state_nationalities_liberation_organization_","ORG"
"_sura_|_shan_united_revolutionary_army_","ORG"
"_ssra_|_shan_state_revolutionary_army_","ORG"
"_trc_|_tailand_revolutionary_council_","ORG"
"_mta_|_mong_tai_army_","ORG"
"_rcss_|_restoration_council_of_shan_states_","ORG"
"_nc_|_nepali_congress_","ORG"
"_cpn_m_|_communist_party_of_nepal_maoist_","ORG"
"_oas_|_secret_army_organization_","ORG"
"_kdp_|_kurdish_democratic_party_of_iraq_","ORG"
"_puk_|_patriotic_union_of_kurdistan_","ORG"
"_kdp_qm_|_kurdish_democratic_party_of_iraq_provisional_command_","ORG"
"_north_kalimantan_liberation_army_|_north_kalimantan_liberation_army_","ORG"
"_cco_|_clandestine_communist_organization_","ORG"
"_flosy_|_national_liberation_front_","ORG"
"_opm_|_organization_for_a_free_papua_","ORG"
"_mnf_|_mizo_national_front_","ORG"
"_muslim_brotherhood_|_muslim_brotherhood_","ORG"
"_kr_|_red_khmers_","ORG"
"_knufns_|_kampuchean_national_united_front_for_national_salvation_","ORG"
"_kpnlf_|_khmer_people_s_national_liberation_front_","ORG"
"_mim_|_mindanao_independence_movement_","ORG"
"_mnlf_|_moro_national_liberation_front_","ORG"
"_milf_|_moro_islamic_liberation_front_","ORG"
"_asg_|_abu_sayyaf_group_","ORG"
"_mnlf_nm_|_moro_national_liberation_front_nur_misauri_faction_","ORG"
"_mnlf_hm_|_moro_national_liberation_front_habier_malik_faction_","ORG"
"_mukti_bahini_|_liberation_force_","ORG"
"_jvp_|_people_s_liberation_front_","ORG"
"_pira_|_provisional_irish_republican_army_","ORG"
"_rira_|_real_irish_republican_army_","ORG"
"_pflo_|_popular_front_for_the_liberation_of_the_occupied_arab_gulf_","ORG"
"_jss_sb_|_people_s_solidarity_association_peace_force_","ORG"
"_bla_|_balochistan_liberation_army_","ORG"
"_baloch_ittehad_|_baloch_unity_","ORG"
"_fretilin_|_revolutionary_front_for_an_independent_east_timor_","ORG"
"_jam_iyyat_i_islami_yi_afghanistan_|_islamic_society_of_afghanistan_","ORG"
"_harakat_i_inqilab_i_islami_yi_afghanistan_|_movement_of_the_islamic_revolution_uprising_of_afghanistan_","ORG"
"_hizb_i_islami_yi_afghanistan_khalis_faction_|_islamic_party_of_afghanistan_khalis_faction_","ORG"
"_jabha_yi_nijat_i_milli_yi_afghanistan_|_afghanistan_national_liberation_front_","ORG"
"_mahaz_i_milli_yi_islami_yi_afghanistan_|_national_islamic_front_of_afghanistan_","ORG"
"_ittihad_i_islami_bara_yi_azadi_yi_afghanistan_|_islamic_union_for_the_freedom_of_afghanistan_","ORG"
"_harakat_i_islami_yi_afghanistan_|_islamic_movement_","ORG"
"_hizb_i_islami_yi_afghanistan_|_islamic_party_of_afghanistan_","ORG"
"_hizb_i_wahdat_|_unity_party_","ORG"
"_junbish_i_milli_yi_islami_|_national_islamic_movement_","ORG"
"_taleban_|_taleban_","ORG"
"_uifsa_|_united_islamic_front_for_the_salvation_of_afghanistan_","ORG"
"_tnv_|_tripura_national_volunteers_","ORG"
"_attf_|_all_tripura_tiger_force_","ORG"
"_nlft_|_national_liberation_front_of_tripura_","ORG"
"_mek_|_people_s_mujahideen_","ORG"
"_pjak_|_the_free_life_party_of_kurdistan_","ORG"
"_jondullah_|_god_s_army_","ORG"
"_apco_|_arab_political_and_cultural_organization_","ORG"
"_jsm_|_the_salafi_groups_which_practice_hisba_","ORG"
"_eta_|_basque_nation_and_liberty_","ORG"
"_unlf_|_united_national_liberation_front_","ORG"
"_knf_|_kuki_national_front_","ORG"
"_kcp_|_kangleipak_communist_party_","ORG"
"_prepak_|_people_s_revolutionary_party_of_kangleipak_","ORG"
"_sikh_insurgents_|_sikh_insurgents_","ORG"
"_ltte_|_liberation_tigers_of_tamil_eelam_","ORG"
"_telo_|_tamil_eelam_liberation_organization_","ORG"
"_eprlf_|_eelam_people_s_revolutionary_liberation_front_","ORG"
"_pkk_|_kurdistan_worker_s_party_","ORG"
"_yemenite_socialist_party_abdul_fattah_ismail_faction_|_yemenite_socialist_party_abdul_fattah_ismail_faction_","ORG"
"_kashmir_insurgents_|_kashmir_insurgents_","ORG"
"_ulfa_|_united_liberation_front_of_assam_","ORG"
"_gam_|_free_aceh_movement_","ORG"
"_bra_|_bougainville_revolutionary_army_","ORG"
"_nsf_|_national_salvation_front_","ORG"
"_apf_|_azerbaijani_popular_front_","ORG"
"_national_guard_and_mkhedrioni_|_national_guard_and_mkhedrioni_","ORG"
"_zviadists_|_zviadists_","ORG"
"_devrimci_sol_|_revolutionary_left_","ORG"
"_mkp_|_maoist_communist_party_","ORG"
"_al_gama_a_al_islamiyya_|_islamic_group_","ORG"
"_pmr_|_dniestr_republic_","ORG"
"_uto_|_united_tajik_opposition_","ORG"
"_forces_of_khudoberdiyev_|_forces_of_khudoberdiyev_","ORG"
"_opon_forces_|_special_police_brigade_","ORG"
"_mqm_|_mohajir_national_movement_","ORG"
"_ttp_|_taleban_movement_of_pakistan_","ORG"
"_uck_|_kosovo_liberation_army_","ORG"
"_wahhabi_movement_of_the_buinaksk_district_|_wahhabi_movement_of_the_buinaksk_district_","ORG"
"_imu_|_islamic_movement_of_uzbekistan_","ORG"
"_jig_|_jihad_islamic_group_","ORG"
"_uck_|_national_liberation_army_","ORG"
"_absu_|_all_bodo_student_s_union_","ORG"
"_ndfb_|_bodo_security_force_","ORG"
"_uwsa_|_united_wa_state_army_","ORG"
"_patani_insurgents_|_patani_insurgents_","ORG"
"_hezbollah_|_party_of_god_","ORG"
"_forces_of_the_caucasus_emirate_|_forces_of_the_caucasus_emirate_","ORG"
"_dhd_bw_|_dima_halam_daogah_black_widow_faction_","ORG"
"_pulf_|_people_s_united_liberation_front_","ORG"
"_croatian_irregulars_|_croatian_irregulars_","ORG"
"_serbian_irregulars_|_serbian_irregulars_","ORG"
"_bltf_|_bodo_liberation_tiger_force_","ORG"
"_forces_of_abdul_rahman_khan_|_forces_of_abdul_rahman_khan_","ORG"
"_forces_of_amanullah_|_forces_of_amanullah_","ORG"
"_forces_of_amanullah_khan_|_forces_of_amanullah_khan_","ORG"
"_forces_of_arbab_basir_|_forces_of_arbab_basir_","ORG"
"_forces_of_ismail_khan_|_forces_of_ismail_khan_","ORG"
"_gazotan_murdash_|_followers_of_the_holy_war_","ORG"
"_gicm_|_moroccan_islamic_combatant_group_","ORG"
"_jamaat_jund_al_sahaba_|_soldiers_of_the_prophet_s_companions_","ORG"
"_jemaah_islamiya_|_islamic_community_","ORG"
"_kuki_|_kuki_","ORG"
"_lej_|_army_of_jhangvi_","ORG"
"_ltte_k_|_liberation_tigers_of_tamil_eelam_karuna_faction_","ORG"
"_lumad_|_lumad_","ORG"
"_moro_|_moro_","ORG"
"_ranvir_sena_|_army_of_ranvir_","ORG"
"_salafia_jihadia_|_salafist_jihadists_","ORG"
"_tawhid_wal_jihad_|_unity_and_holy_war_","ORG"
"_upds_|_united_people_s_democratic_solidarity_","ORG"
"_vhp_|_world_hindu_council_","ORG"
"_lashkar_e_islam_|_army_of_islam_","ORG"
"_mau_mau_|_mau_mau_","ORG"
"_istiqlal_|_moroccan_nationalist_party_","ORG"
"_national_liberation_army_|_national_liberation_army_","ORG"
"_fln_|_national_liberation_front_","ORG"
"_mna_|_algerian_national_movement_","ORG"
"_mpla_|_popular_movement_for_the_liberation_of_angola_","ORG"
"_independent_mining_state_of_south_kasai_|_independent_mining_state_of_south_kasai_","ORG"
"_eprp_|_ethiopian_people_s_revolutionary_party_","ORG"
"_tplf_|_tigrean_people_s_liberation_front_","ORG"
"_epdm_|_ethiopian_people_s_democratic_movement_","ORG"
"_eprdf_|_ethiopian_people_s_revolutionary_democratic_front_","ORG"
"_eplf_|_eritrean_people_s_liberation_front_","ORG"
"_paigc_|_african_party_for_the_independence_of_guinea_bissau_and_cape_verde_","ORG"
"_sslm_|_anya_nya_","ORG"
"_cnl_|_national_liberation_council_","ORG"
"_flnc_|_congolese_national_liberation_front_","ORG"
"_afdl_|_alliance_of_democratic_forces_for_the_liberation_of_congo_kinshasa_","ORG"
"_mlc_|_movement_for_the_liberation_of_congo_","ORG"
"_rcd_|_congolese_rally_for_democracy_","ORG"
"_rcd_ml_|_congolese_rally_for_democracy_liberation_movement_","ORG"
"_cndp_|_national_congress_for_the_defence_of_the_people_","ORG"
"_frelimo_|_front_for_the_liberation_of_mozambique_","ORG"
"_palipehutu_|_party_for_the_liberation_of_the_hutu_people_","ORG"
"_cndd_|_national_council_for_the_defense_of_democracy_","ORG"
"_palipehutu_fnl_|_party_for_the_liberation_of_the_hutu_people_forces_for_national_liberation_","ORG"
"_frolina_|_national_liberation_front_","ORG"
"_cndd_fdd_|_national_council_for_the_defense_of_democracy_forces_for_the_defense_of_democracy_","ORG"
"_frolinat_|_national_liberation_front_of_chad_","ORG"
"_first_liberation_army_|_first_liberation_army_","ORG"
"_second_liberation_army_|_second_liberation_army_","ORG"
"_islamic_legion_|_islamic_legion_","ORG"
"_revolutionary_forces_of_april_|_revolutionary_forces_of_april_","ORG"
"_mosanat_|_movement_for_the_national_salvation_of_chad_","ORG"
"_mps_|_patriotic_salvation_movement_","ORG"
"_mdd_|_movement_for_democracy_and_development_","ORG"
"_cnr_|_national_council_for_recovery_","ORG"
"_csnpd_|_committee_of_national_revival_for_peace_and_democracy_","ORG"
"_fnt_|_chad_national_front_","ORG"
"_farf_|_armed_forces_of_the_federal_republic_","ORG"
"_mdjt_|_movement_for_democracy_and_justice_in_chad_","ORG"
"_fucd_|_rally_for_democray_and_liberty_","ORG"
"_rafd_|_rally_of_democratic_forces_","ORG"
"_cdr_|_revolutionary_democratic_council_","ORG"
"_ufdd_|_union_force_for_democracy_and_development_","ORG"
"_nlc_|_national_liberation_council_","ORG"
"_swapo_|_south_west_africa_people_s_organization_","ORG"
"_rfdg_|_rally_of_democratic_forces_of_guinea_","ORG"
"_sudanese_communist_party_|_sudanese_communist_party_","ORG"
"_islamic_charter_front_|_islamic_charter_front_","ORG"
"_splm_a_|_sudanese_people_s_liberation_movement_army_","ORG"
"_nda_|_national_democratic_alliance_","ORG"
"_jem_|_justice_and_equality_movement_","ORG"
"_slm_a_|_sudan_liberation_movement_army_","ORG"
"_nrf_|_national_redemption_front_","ORG"
"_slm_a_mm_|_sudan_liberation_movement_army_minni_minawi_faction_","ORG"
"_slm_a_unity_|_sudan_liberation_movement_army_unity_","ORG"
"_monima_|_national_movement_for_the_independence_of_madagascar_","ORG"
"_kikosi_maalum_|_special_force_","ORG"
"_fronasa_|_front_for_national_salvation_","ORG"
"_unlf_|_uganda_national_liberation_front_","ORG"
"_funa_|_former_uganda_national_army_","ORG"
"_nra_|_popular_resistance_army_","ORG"
"_unrf_|_ugandan_national_rescure_front_","ORG"
"_hsm_|_holy_spirit_movement_","ORG"
"_upda_|_ugandan_people_s_democratic_army_","ORG"
"_ufm_|_uganda_freedom_movement_","ORG"
"_upa_|_uganda_people_s_army_","ORG"
"_lord_s_army_|_lord_s_army_","ORG"
"_lra_|_uganda_democratic_christian_army_","ORG"
"_adf_|_alliance_of_democratic_forces_","ORG"
"_wnbf_|_west_nile_bank_front_","ORG"
"_unrf_ii_|_uganda_national_rescue_front_ii_","ORG"
"_zapu_|_zimbabwe_african_people_s_union_","ORG"
"_zanu_|_zimbabwe_african_national_union_","ORG"
"_pf_|_patriotic_front_","ORG"
"_eijm_as_|_eritrean_islamic_jihad_movement_abu_suhail_faction_","ORG"
"_wslf_|_western_somali_liberation_front_","ORG"
"_onlf_|_ogaden_national_liberation_front_","ORG"
"_renamo_|_mozambican_national_resistance_","ORG"
"_ssdf_|_somali_salvation_democratic_front_","ORG"
"_snm_|_somali_national_movement_","ORG"
"_spm_|_somali_patriotic_movement_","ORG"
"_usc_ssa_|_united_somali_congress_","ORG"
"_usc_sna_|_united_somali_congress_somali_national_alliance_","ORG"
"_srrc_|_somali_reconciliation_and_restoration_council_","ORG"
"_ars_uic_|_supreme_islamic_council_of_somalia_","ORG"
"_npfl_|_national_patriotic_front_of_liberia_","ORG"
"_inpfl_|_independent_national_patriotic_front_of_liberia_","ORG"
"_lurd_|_liberians_united_for_reconciliation_and_democracy_","ORG"
"_nrc_|_national_revolutionary_council_","ORG"
"_anc_|_african_national_congress_","ORG"
"_mtd_|_togolese_movement_for_democracy_","ORG"
"_popular_front_|_popular_front_","ORG"
"_presidential_guard_|_presidential_guard_","ORG"
"_arduf_|_afar_revolutionary_democratic_unity_front_","ORG"
"_mpa_|_popular_movement_for_the_liberation_of_azawad_","ORG"
"_fiaa_|_islamic_arab_front_of_azawad_","ORG"
"_atnmc_|_may_democratic_alliance_for_change_ibrahim_bahanga_faction_","ORG"
"_flaa_|_a_r_and_azawad_liberation_front_","ORG"
"_cra_|_coordination_of_the_armed_resistance_","ORG"
"_ufra_|_union_of_forces_of_the_armed_resistance_","ORG"
"_fpr_|_rwandan_patriotic_front_","ORG"
"_fdlr_|_democratic_liberation_forces_of_rwanda_","ORG"
"_mfdc_|_movement_of_the_democratic_forces_of_the_casamance_","ORG"
"_frud_|_front_for_the_restoration_of_unity_and_democracy_","ORG"
"_frud_ad_|_front_for_the_restoration_of_unity_and_democracy_ahmed_dini_faction_","ORG"
"_ruf_|_revolutionary_united_front_","ORG"
"_afrc_|_armed_forces_revolutionary_council_","ORG"
"_kamajors_|_kamajors_","ORG"
"_wsb_|_west_side_boys_","ORG"
"_takfir_wa_l_hijra_|_exile_and_redemption_","ORG"
"_ais_|_armed_islamic_movement_","ORG"
"_gia_|_armed_islamic_group_","ORG"
"_gspc_|_salafist_group_for_preaching_and_combat_","ORG"
"_flec_r_|_front_for_the_liberation_of_the_enclave_of_cabinda_renewed_","ORG"
"_flec_fac_|_front_for_the_liberation_of_the_enclave_of_cabinda_armed_forces_of_cabinda_","ORG"
"_aiai_|_islamic_unity_","ORG"
"_fdr_|_democratic_front_for_renewal_","ORG"
"_ntsiloulous_|_ntsiloulous_","ORG"
"_olf_|_oromo_liberation_front_","ORG"
"_ufdr_|_union_of_democratic_forces_for_unity_","ORG"
"_mjp_|_movement_for_justice_and_peace_","ORG"
"_mpci_|_patriotic_movement_of_ivory_coast_","ORG"
"_mpigo_|_ivorian_movement_for_the_greater_west_","ORG"
"_frci_","ORG"
"_ahlul_sunnah_jamaa_|_followers_of_the_prophet_","ORG"
"_ndpvf_|_niger_delta_people_s_volunteer_force_","ORG"
"_bdk_|_kingdom_of_kongo_","ORG"
"_mnj_|_niger_movement_for_justice_","ORG"
"_polisario_|_popular_front_for_the_liberation_of_saguia_el_hamra_and_rio_de_oro_","ORG"
"_upc_|_union_of_the_populations_of_cameroon_","ORG"
"_nla_|_national_liberation_army_","ORG"
"_fnla_|_union_of_angolan_peoples_","ORG"
"_unita_|_national_union_for_the_total_independence_of_angola_","ORG"
"_forces_of_abdullahi_yusuf_|_forces_of_abdullahi_yusuf_","ORG"
"_abtisame_subclan_of_galje_el_clan_|_abtisame_subclan_of_galje_el_clan_hawiye_","ORG"
"_abudu_|_abudu_","ORG"
"_afi_subclan_of_galje_el_clan_|_afi_subclan_of_galje_el_clan_hawiye_","ORG"
"_agon_yar_subclan_of_abgal_clan_|_agon_yar_subclan_of_abgal_clan_hawiye_","ORG"
"_ali_gaf_subclan_of_abgal_clan_|_ali_gaf_subclan_of_abgal_clan_hawiye_","ORG"
"_alur_|_alur_","ORG"
"_amaro_|_amaro_","ORG"
"_anuak_|_anuak_","ORG"
"_agar_dinka_|_agar_dinka_","ORG"
"_gok_dinka_|_gok_dinka_","ORG"
"_arpct_|_alliance_for_the_restoration_of_peace_and_counter_terrorism_","ORG"
"_awb_|_afrikaner_resistance_movement_","ORG"
"_bakassi_boys_|_bakassi_boys_","ORG"
"_birom_|_birom_","ORG"
"_bokora_karimojong_|_bokora_karimojong_","ORG"
"_borana_|_borana_","ORG"
"_burji_|_burji_","ORG"
"_dabare_subclan_of_digil_clan_|_dabare_subclan_of_digil_clan_digil_mirifle_","ORG"
"_darsalim_|_darsalim_","ORG"
"_da_ud_subclan_of_abgal_clan_|_da_ud_subclan_of_abgal_clan_hawiye_","ORG"
"_dawa_|_dawa_","ORG"
"_dimasa_|_dimasa_","ORG"
"_dinka_|_dinka_","ORG"
"_dioula_|_dioula_","ORG"
"_dir_clan_|_dir_clan_","ORG"
"_dizi_|_dizi_","ORG"
"_duduble_subclan_of_gorgorte_clan_|_duduble_subclan_of_gorgorte_clan_hawiye_","ORG"
"_fapc_|_people_s_armed_forces_of_congo_","ORG"
"_fiqi_muhumud_subclan_|_fiqi_muhumud_subclan_dir_","ORG"
"_fn_ic_|_new_forces_ibrahim_coulibaly_faction_","ORG"
"_fni_|_nationalist_and_integrationist_front_","ORG"
"_fulani_|_fulani_","ORG"
"_hausa_|_hausa_","ORG"
"_gabra_|_gabra_","ORG"
"_galje_el_clan_|_galje_el_clan_hawiye_","ORG"
"_gamai_|_gamai_","ORG"
"_garre_subclan_of_digil_clan_|_garre_subclan_of_digil_clan_digil_mirifle_","ORG"
"_guji_|_guji_","ORG"
"_gura_|_gura_","ORG"
"_habaniya_|_habaniya_","ORG"
"_hema_|_hema_","ORG"
"_hotiya_baggara_|_hotiya_baggara_","ORG"
"_huber_subclan_of_mirifle_clan_|_huber_subclan_of_mirifle_clan_digil_mirifle_","ORG"
"_hutu_rebels_|_hutu_rebels_","ORG"
"_igbo_|_igbo_","ORG"
"_ijaw_|_ijaw_","ORG"
"_interahamwe_|_ex_far_|_ex_armed_forces_of_rwanda_","ORG"
"_issa_|_issa_","ORG"
"_itsekiri_|_itsekiri_","ORG"
"_izzi_|_izzi_","ORG"
"_forces_of_jama_ali_jama_|_forces_of_jama_ali_jama_","ORG"
"_janjaweed_moro_faction_|_janjaweed_moro_faction_","ORG"
"_janjaweed_bin_kulaib_faction_|_janjaweed_bin_kulaib_faction_","ORG"
"_janjaweed_|_janjaweed_","ORG"
"_jejele_subclan_of_jibedi_clan_|_jejele_subclan_of_jibedi_clan_hawiye_","ORG"
"_jiddo_subclan_of_digil_clan_|_jiddo_subclan_of_digil_clan_digil_mirifle_","ORG"
"_jie_|_jie_","ORG"
"_jva_|_jubba_valley_alliance_","ORG"
"_kereyou_|_kereyou_","ORG"
"_tama_|_tama_","ORG"
"_kibete_|_kibete_","ORG"
"_lendu_|_lendu_","ORG"
"_lpc_|_liberia_peace_council_","ORG"
"_luway_subclan_of_mirifle_clan_|_luway_subclan_of_mirifle_clan_digil_mirifle_","ORG"
"_ma_aliyah_|_ma_aliyah_","ORG"
"_mahadade_subclan_of_abgal_clan_|_mahadade_subclan_of_abgal_clan_hawiye_","ORG"
"_mambila_|_mambila_","ORG"
"_marehan_subclan_of_sede_clan_|_marehan_subclan_of_sede_clan_darod_","ORG"
"_mayi_mayi_chinja_chinja_|_mayi_mayi_chinja_chinja_","ORG"
"_bena_nsimba_|_bena_nsimba_","ORG"
"_bena_kapuya_|_bena_kapuya_","ORG"
"_mayi_mayi_|_mayi_mayi_","ORG"
"_mfdc_fn_|_movement_of_the_democratic_forces_of_the_casamance_northern_front_","ORG"
"_mfdc_front_nord_md_|_movement_of_the_democratic_forces_of_the_casamance_northern_front_magne_di_m_faction_","ORG"
"_mfdc_s_|_movement_of_the_democratic_forces_of_the_casamance_salif_sadio_faction_","ORG"
"_miloci_|_movement_for_the_liberation_of_western_ivory_coast_","ORG"
"_rcd_n_|_congolese_rally_for_democracy_national_","ORG"
"_mohamed_muse_subclan_of_abgal_clan_|_mohamed_muse_subclan_of_abgal_clan_hawiye_","ORG"
"_murle_|_murle_","ORG"
"_murule_subclan_of_gugundabe_clan_|_murule_subclan_of_gugundabe_clan_hawiye_","ORG"
"_ndv_|_niger_delta_vigilantes_","ORG"
"_mayi_mayi_ngilima_|_mayi_mayi_ngilima_","ORG"
"_ogaden_clan_|_ogaden_clan_darod_","ORG"
"_oromo_|_oromo_","ORG"
"_pan_africanist_congress_","ORG"
"_pian_karimojong_|_pian_karimojong_","ORG"
"_pokot_|_pokot_","ORG"
"_puntland_state_of_somalia_|_puntland_state_of_somalia_","ORG"
"_frf_|_federalist_republican_forces_","ORG"
"_rcd_ln_|_congolese_rally_for_democracy_laurent_nkunda_faction_","ORG"
"_rizeigat_abbala_|_rizeigat_abbala_","ORG"
"_rra_mh_|_rahanweyn_resistance_army_madobe_and_habsade_faction_","ORG"
"_rra_|_rahanweyn_resistance_army_","ORG"
"_rtc_|_clandestine_chadian_resistance_","ORG"
"_sa_ad_subclan_of_habar_gidir_clan_|_sa_ad_subclan_of_habar_gidir_clan_hawiye_","ORG"
"_sabiny_|_sabiny_","ORG"
"_sheikhal_clan_|_sheikhal_clan_dir_","ORG"
"_rer_ahmad_subclan_|_rer_ahmad_subclan_hawiye_","ORG"
"_hawarsame_rer_hasan_and_habar_ya_qub_subclan_of_marehan_clan_|_hawarsame_rer_hasan_and_habar_ya_qub_subclan_of_marehan_clan_darod_","ORG"
"_ssdf_|_sudan_people_s_liberation_movement_army_nasir_faction_","ORG"
"_suleiman_subclan_of_habar_gidir_clan_|_suleiman_subclan_of_habar_gidir_clan_hawiye_","ORG"
"_suri_|_suri_","ORG"
"_tarok_|_tarok_","ORG"
"_terjam_|_terjam_","ORG"
"_falata_|_falata_","ORG"
"_toposa_|_toposa_","ORG"
"_turkana_|_turkana_","ORG"
"_ukele_|_ukele_","ORG"
"_ulimo_j_|_united_liberation_movement_for_democracy_in_liberia_roosevelt_johnson_faction_","ORG"
"_ulimo_k_|_united_liberation_movement_for_democracy_in_liberia_alhaji_kromah_faction_","ORG"
"_ulimo_|_united_liberation_movement_for_democracy_in_liberia_","ORG"
"_usc_ssa_omf_|_united_somalia_congress_somali_salvation_alliance_omar_mohamed_mohamud_finish_faction_","ORG"
"_warsangeli_subclan_of_abgal_clan_|_warsangeli_subclan_of_abgal_clan_hawiye_","ORG"
"_yantar_subclan_of_mirifle_clan_|_yantar_subclan_of_mirifle_clan_digil_mirifle_","ORG"
"_yoruba_|_yoruba_","ORG"
"_yugur_|_yugur_","ORG"
"_rizeigat_baggara_|_rizeigat_baggara_","ORG"
"_sldf_|_sabaot_land_defence_force_","ORG"
"_zaghawa_|_zaghawa_","ORG"
"_lou_nuer_|_lou_nuer_","ORG"
"_didinga_|_didinga_","ORG"
"_bor_dinka_|_bor_dinka_","ORG"
"_bi_idyahan_subclan_of_majerteen_clan_|_bi_idyahan_subclan_of_majerteen_clan_darod_","ORG"
"_ismail_subclan_of_makahil_clan_|_ismail_subclan_of_makahil_clan_darod_","ORG"
"_majerteen_subclan_|_majerteen_subclan_darod_","ORG"
"_nyangatom_|_nyangatom_","ORG"
"_dassanetch_|_dassanetch_","ORG"
"_mungiki_|_mungiki_","ORG"
"_mpgk_|_patriotic_movement_of_the_ghanda_koye_","ORG"
"_al_shabaab_|_al_shabaab_","ORG"
"_harakat_ras_kamboni_|_harakat_ras_kamboni_","ORG"
"_popular_revolutionary_movement_|_popular_revolutionary_movement_","ORG"
"_mnr_|_national_revolutionary_movement_","ORG"
"_eln_|_national_liberation_army_","ORG"
"_forces_of_carlos_castillo_armas_|_forces_of_carlos_castillo_armas_","ORG"
"_far_i_|_rebel_armed_forces_","ORG"
"_far_ii_|_revolutionary_armed_forces_","ORG"
"_egp_|_guerilla_army_of_the_poor_","ORG"
"_orpa_|_revolultionary_organization_of_armed_people_","ORG"
"_urng_|_guatemalan_national_revolutionary_unity_","ORG"
"_puerto_rican_nationalist_party_|_puerto_rican_nationalist_party_","ORG"
"_cuban_revolutionary_council_|_cuban_revolutionary_council_","ORG"
"_erp_|_people_s_revolutionary_army_","ORG"
"_montoneros_|_montoneros_","ORG"
"_bandera_roja_","ORG"
"_farc_|_revolutionary_armed_forces_of_colombia_","ORG"
"_epl_|_people_s_liberation_army_","ORG"
"_mir_|_movement_of_the_revolutionary_left_","ORG"
"_sendero_luminoso_|_shining_path_","ORG"
"_mrta_|_tupac_amaru_revolutionary_movement_","ORG"
"_fpl_|_farabundo_marti_popular_liberation_forces_","ORG"
"_fmln_|_farabundo_marti_front_for_national_liberation_","ORG"
"_mln_tupamaros_|_movement_of_national_liberation_tupamaros_","ORG"
"_fsln_|_sandinista_national_liberation_front_","ORG"
"_contras_fdn_|_contras_nicaraguan_democratic_forces_","ORG"
"_sla_|_surinamese_liberation_army_","ORG"
"_jamaat_al_muslimeen_|_muslim_society_","ORG"
"_flrn_|_national_front_for_the_liberation_of_haiti_","ORG"
"_op_lavalas_|_n_a_","ORG"
"_ezln_|_zapatista_national_liberation_army_","ORG"
"_epr_|_popular_revolutionary_army_","ORG"
"_al_qaida_","ORG"
"_accu_|_peasant_self_defense_groups_of_c_rdoba_and_urab_","ORG"
"_auc_|_united_self_defence_forces_of_colombia_","ORG"
"_comando_vermelho_|_red_command_","ORG"
"_huaorani_|_huaorani_","ORG"
"_medell_n_cartel_|_medell_n_cartel_","ORG"
"_sinaloa_cartel_|_sinaloa_cartel_","ORG"
"_mara_|_n_a_","ORG"
"_mara_salvatrucha_|_n_a_","ORG"
"_paz_y_justicia_|_peace_and_justice_","ORG"
"_tagaeri_|_tagaeri_","ORG"
"_terceiro_comando_|_third_command_","ORG"
"_mjf_|_madhesi_people_s_rights_forum_","ORG"
"_dkba_|_democratic_karen_buddhist_army_","ORG"
"_palipehutu_fnl_lp_|_party_for_the_liberation_of_the_hutu_people_forces_for_national_liberation_lovers_of_peace_faction_","ORG"
"_lashkhar_of_wazir_tribe_|_army_of_wazir_tribe_","ORG"
"_jva_faction_|_jubba_valley_alliance_faction_","ORG"
"_rcd_k_ml_|_congolese_rally_for_democracy_kisangani_liberation_movement_","ORG"
"_bangesh_|_bangesh_","ORG"
"_turi_|_turi_","ORG"
"_forces_of_shah_sahib_|_forces_of_shah_sahib_","ORG"
"_juarez_cartel_|_juarez_cartel_","ORG"
"_kachai_sub_tribe_of_bangesh_|_kachai_sub_tribe_of_bangesh_","ORG"
"_mishti_|_mishti_","ORG"
"_lashkar_of_salarzai_tribe_|_army_of_salarzai_tribe_","ORG"
"_mangal_|_mangal_","ORG"
"_nscn_u_|_national_socialist_council_of_nagaland_unification_","ORG"
"_tijuana_cartel_|_tijuana_cartel_","ORG"
"_tijuana_cartel_el_teo_faction_|_tijuana_cartel_el_teo_faction_","ORG"
"_hizb_i_wahdat_akbari_faction_|_unity_party_akbari_faction_","ORG"
"_jamiat_ul_dawa_|_society_of_the_calling_","ORG"
"_shura_yi_nazar_i_shomali_|_supervisory_council_of_the_north_","ORG"
"_bcp_|_biplobi_communist_party_","ORG"
"_pbcp_|_east_bengal_communist_party_","ORG"
"_qaqachaca_|_qaqachaca_","ORG"
"_laime_|_laime_","ORG"
"_hells_angels_|_hells_angels_","ORG"
"_rock_machine_|_rock_machine_","ORG"
"_cali_cartel_|_cali_cartel_","ORG"
"_pepes_|_people_persecuted_by_pablo_escobar_","ORG"
"_white_legion_|_white_legion_","ORG"
"_bodo_|_bodo_","ORG"
"_santhal_|_santhal_","ORG"
"_hum_|_party_of_holy_warriors_","ORG"
"_jklf_|_jammu_and_kashmir_liberation_front_","ORG"
"_naga_|_naga_","ORG"
"_dayak_|_dayak_","ORG"
"_madurese_|_madurese_","ORG"
"_dereiat_|_dereiat_","ORG"
"_al_shaman_|_al_shaman_","ORG"
"_imk_|_islamic_movement_of_kurdistan_","ORG"
"_fatah_revolutionary_council_|_fatah_revolutionary_council_","ORG"
"_sla_|_south_lebanon_army_","ORG"
"_garcia_clan_|_garcia_clan_","ORG"
"_pena_rojas_clan_|_pena_rojas_clan_","ORG"
"_mda_|_mongko_defence_army_","ORG"
"_mda_lm_|_mongko_defence_army_lin_min_faction_","ORG"
"_mqm_h_|_mohajir_national_movement_authentic_","ORG"
"_wagia_subclan_of_takima_|_wagia_subclan_of_takima_","ORG"
"_wayai_subclan_of_takima_|_wayai_subclan_of_takima_","ORG"
"_wogia_tunjup_|_wogia_tunjup_","ORG"
"_unjamap_|_unjamap_","ORG"
"_hadji_faizal_abdulkarim_clan_|_hadji_faizal_abdulkarim_clan_","ORG"
"_hadji_masir_ahalul_clan_|_hadji_masir_ahalul_clan_","ORG"
"_forces_of_ruslan_labazanov_|_forces_of_ruslan_labazanov_","ORG"
"_provisional_council_of_the_chechen_republic_|_provisional_council_of_the_chechen_republic_","ORG"
"_plote_|_people_s_liberation_organisation_of_tamil_eelam_","ORG"
"_sao_eastern_slavonia_|_baranja_and_western_symria_|_serbian_autonomous_oblast_of_eastern_slavonia_|_baranja_and_western_symria_","ORG"
"_sao_krajina_|_serbian_autonomous_oblast_of_krajina_","ORG"
"_forces_of_jing_caludtiag_|_forces_of_jing_caludtiag_","ORG"
"_forces_of_randy_karon_|_forces_of_randy_karon_","ORG"
"_taleban_ali_dad_faction_|_taleban_ali_dad_faction_","ORG"
"_taleban_mola_khel_faction_|_taleban_mola_khel_faction_","ORG"
"_santo_domingo_teojomulco_|_santo_domingo_teojomulco_","ORG"
"_santiago_xochiltepec_|_santiago_xochiltepec_","ORG"
"_paite_|_paite_","ORG"
"_psp_|_progressive_socialist_party_","ORG"
"_mndaa_|_myanmar_national_democratic_alliance_army_","ORG"
"_aqap_|_al_qaida_in_the_arabian_peninsula_","ORG"
"_ampatuan_militia_|_ampatuan_militia_","ORG"
"_dhd_|_dima_halam_daogah_","ORG"
"_kra_|_kuki_revolutionary_army_","ORG"
"_hpc_|_hmar_people_s_convention_","ORG"
"_aah_|_the_league_of_the_righteous_","ORG"
"_lashkar_of_orakzai_tribe_|_army_of_orakzai_tribe_","ORG"
"_forces_of_turkestan_bhittani_|_forces_of_turkestan_bhittani_","ORG"
"_lnup_|_lahu_national_unity_party_","ORG"
"_knup_|_karen_national_united_party_","ORG"
"_xawaadle_clan_|_xawaadle_clan_hawiye_","ORG"
"_andani_|_andani_","ORG"
"_ahlu_sunna_waljamaca_|_n_a_","ORG"
"_bangadi_militia_|_bangadi_militia_","ORG"
"_pareco_|_coalition_of_congolese_patriotic_resistance_","ORG"
"_gaadsan_subclan_of_biimaal_clan_|_gaadsan_subclan_of_biimaal_clan_dir_","ORG"
"_ma_alin_weyne_subclan_of_mirifle_clan_|_ma_alin_weyne_subclan_of_mirifle_clan_digil_mirifle_","ORG"
"_gumuz_|_gumuz_","ORG"
"_hol_dinka_|_hol_dinka_","ORG"
"_luo_|_luo_","ORG"
"_mdf_|_moorland_defence_forces_","ORG"
"_gia_el_ahd_battalion_|_armed_islamic_group_covenant_battalion_","ORG"
"_gia_el_forkane_|_armed_islamic_group_holy_quran_battalion_","ORG"
"_bafanji_|_bafanji_","ORG"
"_balikumbat_|_balikumbat_","ORG"
"_banya_|_banya_","ORG"
"_kotoko_|_kotoko_","ORG"
"_choa_arab_|_choa_arab_","ORG"
"_oulad_rachid_|_oulad_rachid_","ORG"
"_khozam_|_khozam_","ORG"
"_mpa_soc_|_anjouan_people_s_movement_said_omar_chamassi_faction_","ORG"
"_hunde_|_hunde_","ORG"
"_amhara_|_amhara_","ORG"
"_arbore_|_arbore_","ORG"
"_degodia_|_degodia_","ORG"
"_derashe_|_derashe_","ORG"
"_zeyle_|_zeyle_","ORG"
"_gedeo_|_gedeo_","ORG"
"_rer_liban_subclan_|_rer_liban_subclan_issaq_","ORG"
"_rer_samatar_subclan_of_habr_awal_|_rer_samatar_subclan_of_habr_awal_issaq_","ORG"
"_ajuran_|_ajuran_","ORG"
"_samburu_|_samburu_","ORG"
"_kikuyu_|_kikuyu_","ORG"
"_kisii_|_kisii_","ORG"
"_luhya_|_luhya_","ORG"
"_marakwet_|_marakwet_","ORG"
"_nandi_|_nandi_","ORG"
"_orma_|_orma_","ORG"
"_pokomo_|_pokomo_","ORG"
"_touareg_|_touareg_","ORG"
"_naparama_|_naparama_","ORG"
"_adoni_|_adoni_","ORG"
"_azara_|_azara_","ORG"
"_efik_|_efik_","ORG"
"_ibibio_|_ibibio_","ORG"
"_wurukum_|_wurukum_","ORG"
"_ninzam_|_ninzam_","ORG"
"_ife_|_ife_","ORG"
"_modakeke_|_modakeke_","ORG"
"_ilaje_|_ilaje_","ORG"
"_urhobo_|_urhobo_","ORG"
"_jukun_|_jukun_","ORG"
"_karimjo_|_karimjo_","ORG"
"_kwala_|_kwala_","ORG"
"_odtikas_|_odtikas_","ORG"
"_ndoki_|_ndoki_","ORG"
"_eleme_|_eleme_","ORG"
"_umuleri_|_umuleri_","ORG"
"_aguleri_|_aguleri_","ORG"
"_abdalle_subclan_of_habar_awal_clan_|_abdalle_subclan_of_habar_awal_clan_isaaq_","ORG"
"_aidagalla_subclan_of_habar_garhadjis_clan_|_aidagalla_subclan_of_habar_garhadjis_clan_isaaq_","ORG"
"_abdalleh_agon_yar_subclan_of_abgal_clan_|_abdalleh_agon_yar_subclan_of_abgal_clan_hawiye_","ORG"
"_eli_agon_yar_subclan_of_abgal_clan_|_eli_agon_yar_subclan_of_abgal_clan_hawiye_","ORG"
"_abdulleh_galmaha_subclan_of_abgal_clan_|_abdulleh_galmaha_subclan_of_abgal_clan_hawiye_","ORG"
"_kabaloh_subclan_of_abgal_clan_|_kabaloh_subclan_of_abgal_clan_hawiye_","ORG"
"_galgalo_|_galgalo_","ORG"
"_forces_of_omar_jess_|_forces_of_omar_jess_","ORG"
"_ayr_subclan_of_habar_gidir_clan_|_ayr_subclan_of_habar_gidir_clan_hawiye_","ORG"
"_eli_omar_subclan_of_abgal_clan_|_eli_omar_subclan_of_abgal_clan_hawiye_","ORG"
"_abdalle_aroneh_subclan_of_abgal_clan_|_abdalle_aroneh_subclan_of_abgal_clan_hawiye_","ORG"
"_forces_of_abdirizak_bihi_|_forces_of_abdirizak_bihi_","ORG"
"_forces_of_ahmed_sheikh_buraleh_|_forces_of_ahmed_sheikh_buraleh_","ORG"
"_forces_of_hussein_ali_ahmed_|_forces_of_hussein_ali_ahmed_","ORG"
"_forces_of_abdurahman_ahmed_ali_tur_|_forces_of_abdurahman_ahmed_ali_tur_","ORG"
"_snf_msab_|_somali_national_front_mohamed_sheikh_ali_buraleh_faction_","ORG"
"_spm_sna_|_somali_patriotic_movement_somali_national_alliance_","ORG"
"_dsa_|_digil_salvation_army_","ORG"
"_usc_sna_oa_|_united_somali_congress_somali_national_alliance_osman_atto_faction_","ORG"
"_usc_pm_|_united_somali_congress_peace_movement_","ORG"
"_anc_greens_|_african_national_congress_greens_faction_","ORG"
"_anc_reds_|_african_national_congress_reds_faction_","ORG"
"_codeta_|_cape_organization_for_a_democratic_taxi_association_","ORG"
"_cata_|_cape_amalgamated_taxi_association_","ORG"
"_mangweni_clan_|_mangweni_clan_","ORG"
"_mgodini_clan_|_mgodini_clan_","ORG"
"_uwusa_|_united_workers_union_of_south_africa_","ORG"
"_num_|_national_union_of_mineworkers_","ORG"
"_webta_|_western_cape_black_taxi_association_","ORG"
"_lagunya_|_langa_|_guguletu_and_nyanga_taxi_association_","ORG"
"_awlad_omran_clan_|_awlad_omran_clan_","ORG"
"_jikany_nuer_|_jikany_nuer_","ORG"
"_masalit_|_masalit_","ORG"
"_salamat_baggara_|_salamat_baggara_","ORG"
"_beni_halba_baggara_|_beni_halba_baggara_","ORG"
"_fur_|_fur_","ORG"
"_splm_a_ah_|_sudan_people_s_liberation_movement_army_abd_al_aziz_al_hululi_faction_","ORG"
"_splm_a_wn_|_sudan_people_s_liberation_movement_army_william_nyuon_faction_","ORG"
"_tchokossi_|_tchokossi_","ORG"
"_moba_|_moba_","ORG"
"_iteso_|_iteso_","ORG"
"_afor_|_afor_","ORG"
"_hizbul_islam_|_islamic_party_","ORG"
"_ngok_dinka_|_ngok_dinka_","ORG"
"_shiluk_|_shiluk_","ORG"
"_bari_|_bari_","ORG"
"_aliap_dinka_|_aliap_dinka_","ORG"
"_luac_jang_dinka_|_luac_jang_dinka_","ORG"
"_awan_dinka_|_awan_dinka_","ORG"
"_kounta_|_kounta_","ORG"
"_atyap_|_atyap_","ORG"
"_kalenjin_|_kalenjin_","ORG"
"_misseriya_|_misseriya_","ORG"
"_gia_el_khadra_battalion_|_armed_islamic_group_green_battalion_","ORG"
"_geri_|_geri_","ORG"
"_abgal_clan_|_abgal_clan_hawiye_","ORG"
"_matheniko_karimojong_|_matheniko_karimojong_","ORG"
"_ogoni_|_ogoni_","ORG"
"_tiv_|_tiv_","ORG"
"_okrika_|_okrika_ijaw_","ORG"
"_habar_gidir_clan_|_habar_gidir_clan_hawiye_","ORG"
"_snf_|_somali_national_front_","ORG"
"_awlad_al_zuid_clan_|_awlad_al_zuid_clan_","ORG"
"_ssum_a_|_south_sudan_united_movement_army_","ORG"
"_dodoth_|_dodoth_","ORG"
"_konso_|_konso_","ORG"
"_karimojong_|_karimojong_","ORG"
"_mundari_|_mundari_","ORG"
"_rcd_cp_|_congolese_rally_for_democracy_christian_pay_pay_faction_","ORG"
"_buxton_gang_|_buxton_gang_","ORG"
"_fedayeen_islam_|_partisans_of_islam_","ORG"
"_indian_mujahideen_|_indian_mujahideen_","ORG"
"_alp_|_arakan_liberation_party_","ORG"
"_anlp_|_arakan_national_liberation_party_","ORG"
"_aplp_|_arakan_people_s_liberation_party_","ORG"
"_jama_atu_ahlis_sunna_lidda_awati_wal_jihad_|_people_committed_to_propagating_the_prophet_s_teachings_and_jihad_","ORG"
"_cpa_|_communist_party_of_arakan_","ORG"
"_cpjp_|_convention_of_patriots_for_justice_and_peace_","ORG"
"_salf_|_somali_abo_liberation_front_","ORG"
"_slm_|_sidama_liberation_movement_","ORG"
"_ogaden_liberation_front_|_ogaden_liberation_front_","ORG"
"_kusasi_|_kusasi_","ORG"
"_mamprusi_|_mamprusi_","ORG"
"_gonja_|_gonja_","ORG"
"_konkomba_|_konkomba_","ORG"
"_mujahid_party_|_mujahid_party_","ORG"
"_ndfb_rd_|_national_democratic_front_for_bodoland_ranjan_daimary_faction_","ORG"
"_rejectionist_front_|_rejectionist_front_","ORG"
"_rpf_|_rohingya_patriotic_front_","ORG"
"_ufr_|_union_of_forces_for_the_resistance_","ORG"
"_lashkar_e_taiba_|_army_of_the_pure_","ORG"
"_torma_|_torma_","ORG"
"_torma_manian_|_torma_manian_","ORG"
"_banyarwanda_|_banyarwanda_","ORG"
"_pusic_|_party_for_unity_and_safeguarding_of_the_integrity_of_congo_","ORG"
"_upc_|_union_of_congolese_patriots_","ORG"
"_frpi_|_patriotic_force_of_resistance_in_ituri_","ORG"
"_tishana_me_en_|_tishana_me_en_","ORG"
"_garre_|_garre_","ORG"
"_hamar_|_hamar_","ORG"
"_makahin_|_makahin_","ORG"
"_awlad_zeid_|_awlad_zeid_","ORG"
"_los_zetas_|_the_zetas_","ORG"
"_beltr_n_leyva_cartel_|_beltr_n_leyva_cartel_","ORG"
"_beltr_n_leyva_cartel_valdez_villareal_faction_|_beltr_n_leyva_cartel_valdez_villareal_faction_","ORG"
"_ansarallah_|_the_believing_youth_","ORG"
"_atuot_dinka_|_atuot_dinka_","ORG"
"_ciek_dinka_|_ciek_dinka_","ORG"
"_boje_|_boje_","ORG"
"_nsadop_|_nsadop_","ORG"
"_mujahideen_in_the_golis_mountains_|_mujahideen_in_the_golis_mountains_","ORG"
"_rek_dinka_|_rek_dinka_","ORG"
"_qubeys_subclan_|_qubeys_subclan_dir_","ORG"
"_mara_|_mara_honduras_","ORG"
"_forces_of_momin_afridi_|_forces_of_momin_afridi_","ORG"
"_ttp_ta_|_taleban_movement_of_pakistan_tariq_afridi_faction_","ORG"
"_ttp_mr_|_taleban_movement_of_pakistan_mulla_rafique_faction_","ORG"
"_ttp_mt_|_taleban_movement_of_pakistan_mullah_toofan_faction_","ORG"
"_laskar_jihad_|_warriors_of_jihad_","ORG"
"_snm_calan_cas_|_somali_national_movement_calan_cas_faction_","ORG"
"_dkba_|_democratic_karen_buddhist_army_brigade_","ORG"
"_ssdm_a_|_south_sudan_defence_movement_army_","ORG"
"_gu_r_|_guere_","ORG"
"_burkinab_|_burkinabe_","ORG"
"_senufo_|_senufo_","ORG"
"_pfnr_|_popular_front_for_national_renaissance_","ORG"
"_mayi_mayi_complet_|_mayi_mayi_complet_","ORG"
"_iglf_|_issa_and_gurgura_liberation_front_","ORG"
"_ldf_|_lofa_defence_force_","ORG"
"_ifp_|_inkatha_freedom_party_","ORG"
"_oleh_|_oleh_","ORG"
"_olmoro_|_olmoro_","ORG"
"_forces_of_yussuf_hajji_nur_|_forces_of_yussuf_hajji_nur_","ORG"
"_saleban_abdalla_subclan_of_majerteen_clan_|_saleban_abdalla_subclan_of_majerteen_clan_darod_","ORG"
"_sspp_|_shan_state_progress_party_","ORG"
"_splm_a_north_|_sudan_people_s_liberation_movement_north_","ORG"
"_sslm_a_|_south_sudan_liberation_movement_army_","ORG"
"_fdsi_ci_|_impartial_defense_and_security_forces_ivory_coast_","ORG"
"_ntc_|_national_transitional_council_","ORG"
"_forces_of_muammar_gaddafi_|_forces_of_muammar_gaddafi_","ORG"
"_alir_|_army_for_the_liberation_of_rwanda_","ORG"
"_fsa_|_free_syrian_army_","ORG"
"_ajpsn_|_alliance_of_young_patriots_for_national_revival_","ORG"
"_ezilo_|_ezilo_","ORG"
"_ezza_|_ezza_","ORG"
"_fdc_|_defence_front_of_the_congo_","ORG"
"_gony_dinka_|_gony_dinka_","ORG"
"_thiyic_dinka_|_thiyic_dinka_","ORG"
"_malink_|_malink_","ORG"
"_sayawa_|_sayawa_","ORG"
"_kpelle_|_kpelle_","ORG"
"_lashkar_of_zakakhel_tribe_|_army_of_zakakhel_tribe_","ORG"
"_laskhar_of_masozai_qaumi_tribe_|_army_of_masozai_qaumi_tribe_","ORG"
"_bifm_|_bangsamoro_islamic_freedom_fighters_","ORG"
"_sva_|_shabelle_valley_alliance_","ORG"
"_jur_beli_|_jur_beli_","ORG"
"_los_caballeros_templarios_|_the_knights_templar_","ORG"
"_jalisco_cartel_new_generation_|_jalisco_cartel_new_generation_","ORG"
"_cartel_independiente_de_acapulco_|_independent_cartel_of_acapulco_","ORG"
"_la_barredora_|_the_sweeper_","ORG"
"_lashkar_of_kukikhel_clan_|_army_of_kukikhel_clan_","ORG"
"_etim_|_east_turkistan_islamic_movement_","ORG"
"_ansar_dine_|_defenders_of_the_faith_","ORG"
"_cma_|_national_movement_for_the_liberation_of_azawad_","ORG"
"_seleka_|_union_","ORG"
"_mujao_|_movement_for_unity_and_jihad_in_west_africa_","ORG"
"_srf_|_sudan_revolutionary_front_","ORG"
"_gnla_|_garo_national_liberation_army_","ORG"
"_pbcp_j_|_purba_banglar_communist_party_janajudhha_faction_","ORG"
"_blf_|_baloch_liberation_front_","ORG"
"_deebam_","ORG"
"_deewell_","ORG"
"_jabhat_fateh_al_sham_|_the_support_front_for_the_people_of_syria_","ORG"
"_alago_|_alago_","ORG"
"_eggon_|_eggon_","ORG"
"_lashkar_of_akakhel_tribe_|_lashkar_of_akakhel_tribe_","ORG"
"_tawheed_ul_islam_|_tawheed_ul_islam_","ORG"
"_zeme_naga_|_zeme_naga_","ORG"
"_pcpa_|_people_s_committee_against_police_atrocities_","ORG"
"_pft_|_popular_front_of_tajikistan_","ORG"
"_plfi_|_people_s_liberation_front_of_india_","ORG"
"_mashashia_|_mashashia_","ORG"
"_isenasawo_|_isenasawo_","ORG"
"_isongo_furo_|_isongo_furo_","ORG"
"_forces_of_agala_|_forces_of_agala_","ORG"
"_forces_of_edu_|_forces_of_edu_","ORG"
"_fndic_|_federation_of_niger_delta_ijaw_communities_","ORG"
"_banyamulenge_|_banyamulenge_","ORG"
"_mayi_mayi_simba_|_mayi_mayi_lumumba_","ORG"
"_raia_mutomboki_|_raia_mutomboki_","ORG"
"_apcls_|_alliance_of_the_people_for_a_free_and_sovereign_congo_","ORG"
"_jmb_|_jamaat_ul_mujahideen_bangladesh_","ORG"
"_dogon_|_dogon_","ORG"
"_bul_nuer_|_bul_nuer_","ORG"
"_balanda_|_balanda_","ORG"
"_ciskei_homeland_troops_|_ciskei_homeland_troops_","ORG"
"_sla_faction_|_sla_faction_","ORG"
"_yakoma_|_yakoma_","ORG"
"_mend_|_mend_","ORG"
"_nigerian_taleban_|_nigerian_taleban_","ORG"
"_kala_kato_|_kala_kato_","ORG"
"_opc_gani_adams_faction_|_opc_gani_adams_faction_","ORG"
"_katsina_state_indigenes_|_katsina_state_indigenes_","ORG"
"_kuteb_|_kuteb_","ORG"
"_almajiri_|_almajiri_","ORG"
"_ecomog_|_ecomog_liberia_","ORG"
"_johnson_supporters_|_johnson_supporters_","ORG"
"_forces_democratiques_unies_|_forces_democratiques_unies_","ORG"
"_anr_|_anr_","ORG"
"_miskine_group_|_miskine_group_","ORG"
"_fdpc_|_democratic_front_for_the_people_of_central_africa_","ORG"
"_konianke_|_konianke_","ORG"
"_nddsc_","ORG"
"_nmrd_|_nmrd_","ORG"
"_sudanese_revolutionary_front_|_sudanese_revolutionary_front_","ORG"
"_snmem_|_snmem_","ORG"
"_unosom_ii_|_unosom_ii_","ORG"
"_subclan_of_majerteen_|_subclan_of_majerteen_darod_","ORG"
"_biyomal_clan_|_biyomal_clan_","ORG"
"_absame_subclan_of_ogaden_|_absame_subclan_of_ogaden_darod_","ORG"
"_eritrean_democratic_alliance_|_eritrean_democratic_alliance_|_eda_","ORG"
"_amisom_|_amisom_","ORG"
"_darruk_|_darruk_","ORG"
"_gimir_|_gimir_","ORG"
"_sla_jem_|_sla_jem_","ORG"
"_splm_a_faction_|_splm_a_faction_","ORG"
"_african_tribes_|_african_tribes_","ORG"
"_waat_dinka_|_waat_dinka_","ORG"
"_beni_hussein_|_beni_hussein_","ORG"
"_kababish_|_kababish_","ORG"
"_fellata_baggara_|_fellata_baggara_","ORG"
"_northern_sudanese_|_northern_sudanese_","ORG"
"_southern_sudanese_|_southern_sudanese_","ORG"
"_jem_awlad_majdub_|_jem_awlad_majdub_","ORG"
"_ssdf_united_|_ssdf_united_","ORG"
"_mrc_|_mrc_","ORG"
"_fpjc_|_fpjc_","ORG"
"_tak_|_kurdistan_freedom_falcons_","ORG"
"_fplc_|_fplc_","ORG"
"_plfi_|_plfi_","ORG"
"_rsado_|_rsado_","ORG"
"_kzp_|_kzp_","ORG"
"_galmuduug_administration_|_galmuduug_administration_","ORG"
"_baya_|_baya_","ORG"
"_lobala_|_lobala_","ORG"
"_habr_je_elo_clan_|_habr_je_elo_clan_isaaq_","ORG"
"_faarah_garaad_subclan_of_dhulbahante_clan_|_faarah_garaad_subclan_of_dhulbahante_clan_darod_","ORG"
"_pro_gbagbo_militia_|_pro_gbagbo_militia_","ORG"
"_pro_gbagbo_militia_liberian_mercenaries_|_pro_gbagbo_militia_liberian_mercenaries_","ORG"
"_southern_movement_|_southern_movement_","ORG"
"_forces_of_general_ali_mohsen_al_ahmar_|_forces_of_general_ali_mohsen_al_ahmar_","ORG"
"_eagles_of_liberty_|_eagles_of_liberty_","ORG"
"_sadiq_al_ahmar_tribe_|_sadiq_al_ahmar_tribe_","ORG"
"_arhab_tribe_|_arhab_tribe_","ORG"
"_bororo_|_bororo_","ORG"
"_nande_|_nande_","ORG"
"_batwa_|_batwa_","ORG"
"_nscn_k_k_|_national_socialist_council_of_nagaland_khole_kitovi_faction_","ORG"
"_zawiyah_militiamen_|_zawiyah_militiamen_","ORG"
"_ipkf_|_ipkf_","ORG"
"_forces_of_sayed_mansur_naderi_|_forces_of_sayed_mansur_naderi_","ORG"
"_forces_of_haji_saifullah_|_forces_of_haji_saifullah_","ORG"
"_forces_of_padshah_khan_zadran_|_forces_of_padshah_khan_zadran_","ORG"
"_hmong_rebels_|_hmong_rebels_","ORG"
"_huji_|_huji_","ORG"
"_bangladesh_rifles_|_bangladesh_rifles_","ORG"
"_mohajir_|_mohajir_","ORG"
"_meher_|_meher_","ORG"
"_jatoi_|_jatoi_","ORG"
"_sulfa_|_sulfa_","ORG"
"_assamese_|_assamese_","ORG"
"_muslim_mojahedin_","ORG"
"_ium_|_ium_ikhwan_ul_mojahedin_","ORG"
"_al_khobar_|_al_khobar_","ORG"
"_nlft_b_|_national_liberation_front_of_tripura_biswamohan_faction_","ORG"
"_oatizai_|_oatizai_","ORG"
"_khadadkhel_|_khadadkhel_","ORG"
"_marri_ittehad_group_|_marri_ittehad_group_","ORG"
"_lashkar_of_mohmand_tribe_|_lashkar_of_mohmand_tribe_","ORG"
"_forces_of_pir_samiullah_|_forces_of_pir_samiullah_","ORG"
"_ndc_|_ndumba_defense_of_congo_","ORG"
"_nyatura_|_nyatura_","ORG"
"_parc_faal_|_reformed_mai_mai_","ORG"
"_mrdc_|_movement_for_the_restoration_of_democracy_in_congo_","ORG"
"_ttp_islahi_|_taleban_movement_of_pakistan_islahi_faction_","ORG"
"_forces_of_tolib_ayombekov_|_forces_of_tolib_ayombekov_","ORG"
"_bwatiye_|_bwatiye_","ORG"
"_eyie_|_eyie_","ORG"
"_maphite_|_maphite_","ORG"
"_ganda_iso_|_ganda_iso_","ORG"
"_marehan_|_marehan_","ORG"
"_pcc_|_pcc_","ORG"
"_uba_|_united_baloch_army_","ORG"
"_anosy_villagers_|_anosy_villagers_","ORG"
"_tfsl_|_tfsl_","ORG"
"_kazakhstan_islamist_militants_|_kazakhstan_islamist_militants_","ORG"
"_akul_|_akul_","ORG"
"_kambrip_|_kambrip_","ORG"
"_los_zetas_","ORG"
"_guerreros_unidos_","ORG"
"_los_rojos_|_the_reds_","ORG"
"_jid_an_tribe_|_jid_an_tribe_","ORG"
"_abida_tribe_|_abida_tribe_","ORG"
"_hashid_tribe_|_hashid_tribe_","ORG"
"_waylah_tribe_|_waylah_tribe_","ORG"
"_ben_aziz_tribe_|_ben_aziz_tribe_","ORG"
"_tripura_tribal_communities_|_tripura_tribal_communities_","ORG"
"_bafulero_|_bafulero_","ORG"
"_signed_in_blood_battalion_|_signed_in_blood_battalion_","ORG"
"_fnl_rwasa_|_fnl_rwasa_","ORG"
"_jie_karimojong_|_jie_karimojong_","ORG"
"_mayi_mayi_gedeon_|_mayi_mayi_gedeon_","ORG"
"_bemba_militias_|_bemba_militias_","ORG"
"_tutsi_|_tutsi_","ORG"
"_fpr_bl_|_popular_front_for_reconstruction_baba_lade_faction_","ORG"
"_dak_kueth_militia_|_dak_kueth_militia_","ORG"
"_ssdm_a_cobra_faction_|_south_sudan_democratic_movement_army_cobra_faction_","ORG"
"_amothnhon_dinka_|_amothnhon_dinka_","ORG"
"_panyon_dinka_|_panyon_dinka_","ORG"
"_al_zayadia_|_al_zayadia_","ORG"
"_berti_|_berti_","ORG"
"_saf_jiu_|_saf_jiu_","ORG"
"_ijaw_|_urhobo_|_ijaw_|_urhobo_","ORG"
"_igbo_|_yoruba_|_igbo_|_yoruba_","ORG"
"_afisare_|_anaguta_|_birom_|_afisare_|_anaguta_|_birom_","ORG"
"_fulani_|_hausa_|_fulani_|_hausa_","ORG"
"_dagomba_|_gonja_|_nanumba_|_dagomba_|_gonja_|_nanumba_","ORG"
"_konkomba_|_nawuri_|_konkomba_|_nawuri_","ORG"
"_foulbe_|_hausa_|_foulbe_|_hausa_","ORG"
"_borana_|_guji_|_borana_|_guji_","ORG"
"_nyangatom_|_toposa_|_nyangatom_|_toposa_","ORG"
"_gabra_|_garre_|_gabra_|_garre_","ORG"
"_pokot_|_samburu_|_pokot_|_samburu_","ORG"
"_orma_|_wardei_|_orma_|_wardei_","ORG"
"_kisii_|_luo_|_kisii_|_luo_","ORG"
"_npfl_|_ulimo_k_|_national_patriotic_front_of_liberia_","ORG"
"_afl_|_lpc_|_ulimo_j_|_armed_forces_of_liberia_","ORG"
"_arla_|_fiaa_|_fpla_|_islamic_arab_front_of_azawad_|_popular_liberation_front_of_azawad_","ORG"
"_forest_brothers_|_white_legion_|_forest_brothers_|_white_legion_","ORG"
"_beni_halba_baggara_|_salamat_baggara_|_beni_halba_baggara_|_salamat_baggara_","ORG"
"_mahamid_|_mahariba_|_newiba_|_mahamid_|_mahariba_|_newiba_","ORG"
"_bokora_karimojong_|_pian_karimojong_","ORG"
"_jie_|_matheniko_karimojong_|_turkana_|_jie_|_matheniko_karimojong_|_turkana_","ORG"
"_toposa_|_turkana_|_toposa_|_turkana_","ORG"
"_matheniko_karimojong_|_turkana_|_matheniko_karimojong_|_turkana_","ORG"
"_jie_|_matheniko_karimojong_|_jie_|_matheniko_karimojong_","ORG"
"_mlc_|_rcd_n_|_congolese_rally_for_democracy_national_|_movement_for_the_liberation_of_congo_","ORG"
"_fni_|_frpi_|_rcd_k_ml_|_congolese_rally_for_democracy_kisangani_liberation_movement_|_nationalist_and_integrationist_front_|_patriotic_force_of_resistance_in_ituri_","ORG"
"_fni_|_frpi_|_nationalist_and_integrationist_front_|_patriotic_force_of_resistance_in_ituri_","ORG"
"_frpi_|_rcd_k_ml_|_congolese_rally_for_democracy_kisangani_liberation_movement_|_patriotic_force_of_resistance_in_ituri_","ORG"
"_mlc_|_rcd_n_|_upc_|_congolese_rally_for_democracy_national_|_movement_for_the_liberation_of_congo_|_union_of_congolese_patriots_","ORG"
"_fpjc_|_frpi_|_fpjc_|_patriotic_force_of_resistance_in_ituri_","ORG"
"_cndd_fdd_|_mayi_mayi_|_mayi_mayi_|_national_council_for_the_defense_of_democracy_forces_for_the_defense_of_democracy_","ORG"
"_lendu_|_rcd_k_ml_","ORG"
"_alir_|_mayi_mayi_|_army_for_the_liberation_of_rwanda_|_mayi_mayi_","ORG"
"_fapc_|_fni_|_nationalist_and_integrationist_front_|_people_s_armed_forces_of_congo_","ORG"
"_hunde_|_nyanga_|_hunde_|_nyanga_","ORG"
"_interahamwe_|_ex_far_|_magrivi_|_ex_armed_forces_of_rwanda_|_farmers_mutual_society_of_virunga_","ORG"
"_gontrar_|_zintan_|_gontrar_|_zintan_","ORG"
"_bafulero_|_bavira_|_bafulero_|_bavira_","ORG"
"_oromo_","ORG"
"_goldia_|_mursi_","ORG"
"_forces_of_hasan_|_musa_shajik_","ORG"
"_fdlr_|_fnl_rwasa_|_parc_faal_|_democratic_liberation_forces_of_rwanda_|_fnl_rwasa_|_party_for_action_and_the_reconstruction_of_the_congo_allelujah_armed_forces_","ORG"
"_chadian_rebels_|_chadian_rebels_","ORG"
"_cpi_ml_j_|_communist_party_of_india_marxist_leninist_janasakhti_faction_","ORG"
"_flc_|_front_for_the_liberation_of_the_congo_","ORG"
"_cpi_ml_vm_|_communist_party_of_india_marxist_leninist_vinod_mishra_","ORG"
"_tripura_non_tribal_communities_|_tripura_non_tribal_communities_","ORG"
"_kata_katanga_|_kata_katanga_","ORG"
"_bnlf_|_bru_national_liberation_front_","ORG"
"_juferi_|_juferi_","ORG"
"_nurtw_auxiliary_|_national_union_of_road_transport_workers_auxiliary_faction_","ORG"
"_ansar_al_sharia_|_ansar_al_sharia_","ORG"
"_katibat_okba_ibn_nafa_|_katibat_okba_ibn_nafa_","ORG"
"_islamic_movement_of_martyrs_|_islamic_movement_of_martyrs_","ORG"
"_al_toubou_|_al_toubou_","ORG"
"_ombatse_|_ombatse_","ORG"
"_yan_gora_|_yan_gora_","ORG"
"_fprc_|_ex_seleka_","ORG"
"_atakar_|_atakar_","ORG"
"_forces_of_hafiz_gul_bahadur_|_forces_of_hafiz_gul_bahadur_","ORG"
"_haqqani_network_|_haqqani_network_","ORG"
"_agatu_|_agatu_","ORG"
"_euff_|_ethiopian_unity_and_freedom_force_","ORG"
"_mayi_mayi_kifuafua_|_raia_mutomboki_|_mayi_mayi_kifuafua_|_raia_mutomboki_","ORG"
"_fatah_al_islam_|_fatah_al_islam_","ORG"
"_pyd_|_democratic_union_party_","ORG"
"_sdm_pro_aideed_faction_|_sdm_pro_aideed_faction_","ORG"
"_sdm_pro_mahdi_faction_|_sdm_pro_mahdi_faction_","ORG"
"_fsa_|_jabhat_fateh_al_sham_|_free_syrian_army_|_front_for_the_conquest_of_the_levant_","ORG"
"_ghuraba_al_sham_|_jabhat_fateh_al_sham_|_front_for_the_conquest_of_the_levant_|_strangers_of_the_levant_","ORG"
"_arab_brabich_|_arab_brabich_","ORG"
"_tuareg_indinan_|_tuareg_indinan_","ORG"
"_brigades_of_aisha_|_brigades_of_aisha_","ORG"
"_anti_balaka_|_anti_balaka_","ORG"
"_awlad_heiban_|_awlad_heiban_misseriya_","ORG"
"_awlad_serur_|_awlad_serur_misseriya_","ORG"
"_jem_bashar_|_jem_bashar_","ORG"
"_slmj_|_sudan_liberation_movement_for_justice_","ORG"
"_splm_a_in_opposition_|_sudan_people_s_liberation_army_movement_in_opposition_","ORG"
"_adp_|_arab_democratic_party_","ORG"
"_ikpanaya_|_ikpanaya_","ORG"
"_ntan_obu_ukpe_|_ntan_obu_ukpe_","ORG"
"_al_qaida_","ORG"
"_fddh_|_forces_for_the_defense_of_human_rights_","ORG"
"_ansar_bayt_al_maqdis_|_ansar_bayt_al_maqdis_","ORG"
"_uda_|_ulster_defence_association_","ORG"
"_jaysh_al_mukhtar_|_jaysh_al_mukhtar_","ORG"
"_jrtn_|_army_of_the_men_of_the_naqshbandi_order_","ORG"
"_jaish_al_adl_|_jaish_al_adl_","ORG"
"_benghazi_revolutionaries_shura_council_|_ansar_al_sharia_","ORG"
"_awlad_suleiman_|_awlad_suleiman_","ORG"
"_al_murabitun_|_the_sentinel_","ORG"
"_maa_|_arab_movement_of_azawad_","ORG"
"_baluba_|_baluba_","ORG"
"_forces_of_gatluak_gai_|_forces_of_gatluak_gai_","ORG"
"_forces_of_david_yauyau_|_forces_of_david_yauyau_","ORG"
"_forces_of_ulony_johnsson_|_forces_of_ulony_johnsson_","ORG"
"_barriga_gang_|_barriga_gang_","ORG"
"_sujeirinha_gang_|_sujeirinha_gang_","ORG"
"_garimpeiros_|_garimpeiros_","ORG"
"_cinta_larga_indians_|_cinta_larga_indians_","ORG"
"_terceiro_comando_puro_|_terceiro_comando_puro_","ORG"
"_burji_|_gabra_|_burji_|_gabra_","ORG"
"_akibu_|_akibu_","ORG"
"_tonakau_|_tonakau_","ORG"
"_kolo_ipiwin_|_kolo_jigenia_|_meki_|_under_luni_","ORG"
"_kolo_kongu_|_kolo_kongu_","ORG"
"_autodefensas_unidas_de_michoac_n_|_autodefensas_unidas_de_michoac_n_","ORG"
"_al_saida_|_al_saida_","ORG"
"_al_maraziq_|_al_maraziq_","ORG"
"_la_mochomera_|_la_mochomera_","ORG"
"_ifm_|_isatabu_freedom_movement_","ORG"
"_awlad_metanin_|_awlad_serur_misseriya_|_awlad_metanin_misseriya_|_awlad_serur_misseriya_","ORG"
"_rss_|_rashtriya_swayamsevak_sangh_","ORG"
"_fsa_|_jabhat_fateh_al_sham_|_mish_al_at_tammu_brigade_|_free_syrian_army_|_front_for_the_conquest_of_the_levant_|_mish_al_at_tammu_brigade_","ORG"
"_jabhat_al_akrad_|_kurdish_front_","ORG"
"_misca_|_misca_","ORG"
"_al_umma_|_the_nation_","ORG"
"_kmf_|_kommando_mujahideen_fisabilillah_","ORG"
"_ahrar_al_sham_|_ahrar_al_sham_","ORG"
"_lafa_|_abu_al_fadhil_al_abbas_brigade_","ORG"
"_fsa_|_free_syrian_army_|_islamic_state_","ORG"
"_islamic_front_|_islamic_front_","ORG"
"_mtp_|_all_for_the_fatherland_movement_","ORG"
"_eln_|_farc_|_national_liberation_army_|_revolutionary_armed_forces_of_colombia_","ORG"
"_fedayeen_|_fedayeen_","ORG"
"_al_mahdi_army_|_al_mahdi_army_","ORG"
"_al_hallaf_tribe_|_al_hallaf_tribe_","ORG"
"_al_karamshah_tribe_|_al_karamshah_tribe_","ORG"
"_jund_al_sama_|_jund_al_sama_","ORG"
"_forces_of_haydar_mehdi_khadum_al_fawadi_|_forces_of_haydar_mehdi_khadum_al_fawadi_","ORG"
"_inc_|_iraqi_national_congress_","ORG"
"_muslim_brotherhood_|_muslim_brotherhood_egypt_","ORG"
"_bani_hilal_|_bani_hilal_","ORG"
"_nubian_dabudiya_|_nubian_dabudiya_","ORG"
"_recontras_|_recontras_","ORG"
"_recompas_|_pro_sandinista_recompas_","ORG"
"_recompas_|_recontras_","ORG"
"_fuac_|_andres_castro_united_front_","ORG"
"_raia_mutomboki_bravo_|_raia_mutomboki_bravo_","ORG"
"_raia_mutomboki_makombo_|_raia_mutomboki_makombo_","ORG"
"_ndfb_s_|_national_democratic_front_of_bodoland_songbijit_","ORG"
"_lpr_|_lugansk_people_s_republic_","ORG"
"_dpr_|_donetsk_people_s_republic_","ORG"
"_minusca_|_minusca_","ORG"
"_sarc_|_sudanese_awakening_revolutionary_council_","ORG"
"_libya_dawn_|_libya_dawn_","ORG"
"_ttp_km_|_taleban_movement_of_pakistan_khalid_mehsud_faction_","ORG"
"_ttp_sm_|_taleban_movement_of_pakistan_shehryar_mehsud_faction_","ORG"
"_darfur_joint_resistance_forces_|_darfur_joint_resistance_forces_","ORG"
"_aqtash_|_aqtash_","ORG"
"_jaish_ul_islam_|_army_of_islam_","ORG"
"_pakam_pastoralist_youth_|_pakam_pastoralist_youth_","ORG"
"_bakonzo_|_bakonzo_","ORG"
"_united_armed_forces_of_novorossiya_|_united_armed_forces_of_novorossiya_","ORG"
"_jamaat_ul_ahrar_|_the_freedom_fighters_of_india_","ORG"
"_zintan_brigades_|_zintan_brigades_","ORG"
"_pslf_|_palaung_state_liberation_front_","ORG"
"_mayi_mayi_charles_|_mayi_mayi_charles_","ORG"
"_banyamulenge_|_barundi_|_banyamulenge_|_barundi_","ORG"
"_mayi_mayi_simba_|_mayi_mayi_simba_jean_luc_yabili_","ORG"
"_mayi_mayi_makabe_|_mayi_mayi_makabe_kalenga_ngwele_","ORG"
"_upc_|_union_for_peace_in_the_central_african_republic_","ORG"
"_gwandere_|_gwandere_","ORG"
"_gulf_cartel_","ORG"
"_sinaloa_cartel_","ORG"
"_los_ardillos_|_los_ardillos_","ORG"
"_srf_|_syria_revolutionaries_front_","ORG"
"_mujahideen_army_|_mujahideen_army_","ORG"
"_islamic_front_|_mujahideen_army_|_srf_|_islamic_front_|_mujahideen_army_|_syria_revolutionaries_front_","ORG"
"_harkat_hazm_|_hazm_movement_","ORG"
"_islamic_front_|_jabhat_fateh_al_sham_|_front_for_the_conquest_of_the_levant_|_islamic_front_|_islamic_state_","ORG"
"_islamic_front_|_jabhat_al_akrad_|_jabhat_fateh_al_sham_|_mujahideen_army_|_front_for_the_conquest_of_the_levant_|_islamic_front_|_kurdish_front_|_mujahideen_army_","ORG"
"_islamic_front_|_jabhat_al_kurd_brigade_|_jabhat_fateh_al_sham_|_mujahideen_army_|_front_for_the_conquest_of_the_levant_|_islamic_front_|_jabhat_al_kurd_brigade_|_mujahideen_army_","ORG"
"_jund_al_aqsa_|_soldiers_of_al_aqsa_","ORG"
"_islamic_front_|_jabhat_fateh_al_sham_|_front_for_the_conquest_of_the_levant_|_islamic_front_","ORG"
"_islamic_front_|_mujahideen_army_|_islamic_front_|_mujahideen_army_","ORG"
"_islamic_front_|_jabhat_fateh_al_sham_|_mujahideen_army_|_front_for_the_conquest_of_the_levant_|_islamic_front_|_mujahideen_army_","ORG"
"_islamic_front_|_mujahideen_army_|_pyd_|_srf_|_democratic_union_party_|_islamic_front_|_mujahideen_army_|_syria_revolutionaries_front_","ORG"
"_fatah_uprising_|_fatah_uprising_","ORG"
"_fraph_|_front_for_the_advancement_and_progress_of_haiti_","ORG"
"_perci_|_perci_","ORG"
"_nato_|_north_atlantic_treaty_organization_","ORG"
"_high_council_of_afghanistan_islamic_emirate_|_taleban_mohamed_rasool_faction_","ORG"
"_flm_|_macina_liberation_front_","ORG"
"_shohadaa_al_yarmouk_|_yarmouk_martyrs_brigade_","ORG"
"_sdf_|_syrian_democratic_forces_","ORG"
"_hamar_|_hamar_ethiopia_","ORG"
"_forebu_|_republican_forces_of_burundi_","ORG"
"_jaysh_al_jihad_|_jihad_army_","ORG"
"_imn_|_islamic_movement_of_nigeria_","ORG"
"_tahrir_al_sham_army_|_tahrir_al_sham_army_","ORG"
"_unlfw_|_united_liberation_front_of_western_south_east_asia_","ORG"
"_southern_front_|_southern_front_","ORG"
"_rup_dinka_|_rup_dinka_","ORG"
"_kuei_dinka_|_pakam_dinka_","ORG"
"_cm_fpr_|_gatia_|_maa_|_arab_movement_of_azawad_|_coordination_of_movements_and_fronts_of_patriotic_resistance_|_groupe_autod_fense_touareg_imghad_et_alli_s_","ORG"
"_fsa_|_jabhat_fateh_al_sham_|_jaysh_al_islam_|_levant_front_|_army_of_islam_|_free_syrian_army_|_front_for_the_conquest_of_the_levant_|_levant_front_","ORG"
"_jaysh_al_sanadid_|_khabour_guards_|_mfs_|_pyd_|_democratic_union_party_|_forces_of_the_brave_|_khabour_guards_|_syriac_military_council_","ORG"
"_jaysh_al_sanadid_|_mfs_|_pyd_|_democratic_union_party_|_forces_of_the_brave_|_syriac_military_council_","ORG"
"_derna_mujahideen_shura_council_|_derna_mujahideen_shura_council_","ORG"
"_aknaf_bait_al_maqdis_|_fsa_|_jaysh_al_islam_|_pflp_gc_|_plo_|_army_of_islam_|_defenders_of_jerusalem_|_free_syrian_army_|_palestine_liberation_organization_|_popular_front_for_the_liberation_of_palestine_general_command_","ORG"
"_jaysh_al_fatah_idlib_|_front_for_the_conquest_of_the_levant_|_jaysh_al_sunna_|_sham_legion_|_soldiers_of_al_aqsa_|_soldiers_of_the_levant_|_the_islamic_movement_of_ahrar_al_sham_|_the_truth_brigade_","ORG"
"_eastern_qalamoun_operations_room_","ORG"
"_ajdabiya_revolutionaries_shura_council_|_ajdabiya_revolutionaries_shura_council_","ORG"
"_zwai_|_zwai_","ORG"
"_eastern_ghouta_unified_military_command_","ORG"
"_euphrates_volcano_|_army_of_revolutionaries_|_democratic_union_party_|_islamic_front_|_jaysh_al_qasas_|_kita_ib_shams_al_shamal_|_liwa_al_jihad_fi_sabeel_allah_|_liwa_amna_ar_raqqa_|_liwa_thuwar_ar_raqqa_|_saraya_jarablus_|_tahrir_brigade_","ORG"
"_fatah_halab_","ORG"
"_fatah_halab_|_jabhat_fateh_al_sham_","ORG"
"_rwenzururu_kingdom_royal_guards_|_rwenzururu_kingdom_royal_guards_","ORG"
"_acc_|_autodefensas_campesinas_del_casanare_","ORG"
"_red_tabara_|_burundi_national_front_","ORG"
"_ahrar_al_sham_|_jabhat_fateh_al_sham_|_southern_front_","ORG"
"_dkba_|_klo_htoo_wah_battalion_","ORG"
"_nda_nigeria_|_niger_delta_avengers_","ORG"
"_nsa_|_new_syrian_army_","ORG"
"_bambara_|_bambara_","ORG"
"_azad_bharat_vidhik_vaicharik_kranti_satyagrahi_|_azad_bharat_vidhik_vaicharik_kranti_satyagrahi_","ORG"
"_mare_operations_room_|_st_infantry_division_|_al_moutasem_brigade_|_fistaqim_kama_umirat_|_knights_of_justice_brigade_|_levant_front_|_liwa_ahrar_souriya_|_liwa_al_sultan_murad_|_mountain_hawks_brigade_|_sham_legion_","ORG"
"_al_shaitat_tribe_|_al_shaitat_tribe_","ORG"
"_ahrar_al_sham_|_furqan_brigades_|_jabhat_fateh_al_sham_|_jaysh_al_islam_|_yarmouk_army_","ORG"
"_maute_group_|_maute_group_","ORG"
"_mas_|_death_to_kidnappers_","ORG"
"_ndc_|_raia_mutomboki_|_ndumba_defense_of_congo_|_raia_mutomboki_","ORG"
"_apcls_|_fdlr_|_nyatura_|_alliance_of_the_people_for_a_free_and_sovereign_congo_|_democratic_liberation_forces_of_rwanda_|_nyatura_","ORG"
"_updi_mazembe_|_union_of_patriots_for_the_defense_of_the_innocents_mazembe_","ORG"
"_kamwina_nsapu_|_kamwina_nsapu_","ORG"
"_hawar_kilis_operations_room_|_al_moutasem_brigade_|_fistaqim_kama_umirat_|_free_idlib_army_|_hamza_division_|_jaish_al_tahrir_|_kita_ib_al_safwat_al_islamiya_|_levant_front_|_liwa_al_sultan_murad_|_sham_legion_","ORG"
"_jaysh_al_islam_|_jaysh_asoud_al_sharqiya_|_martyr_lieutenant_ahmed_abdou_brigades_|_rahman_corps_","ORG"
"_panyar_dinka_|_panyar_dinka_","ORG"
"_panyar_dinka_|_rek_dinka_","ORG"
"_kirumira_mutima_|_kirumira_mutima_","ORG"
"_ikot_offiong_community_|_ikot_offiong_community_","ORG"
"_oku_iboku_community_|_oku_iboku_community_","ORG"
"_koulango_|_lobi_|_malink_","ORG"
"_ndc_r_nov_|_updi_mazembe_|_reformed_nduma_defence_of_congo_|_union_of_patriots_for_the_defense_of_the_innocents_mazembe_","ORG"
"_cnrd_|_national_council_for_renewal_and_democracy_","ORG"
"_uduk_|_uduk_","ORG"
"_maban_|_maban_","ORG"
"_ysk_|_peace_at_home_council_","ORG"
"_hay_|_faith_movement_of_arakan_","ORG"
"_mahadi_|_mahadi_","ORG"
"_fprc_|_mpc_|_patriotic_movement_for_the_central_african_republic_|_popular_front_for_the_rebirth_of_the_central_african_republic_","ORG"
"_anti_balaka_|_fprc_","ORG"
"_subol_al_salam_brigade_|_subol_al_salam_brigade_","ORG"
"_ahrar_al_sham_|_fsa_|_jabhat_fateh_al_sham_|_jaysh_al_islam_","ORG"
"_ahrar_al_sham_|_jabhat_fateh_al_sham_|_jaysh_al_islam_","ORG"
"_updi_mazembe_|_ndc_renove_|_updi_mazembe_|_ndc_renove_","ORG"
